{"train/grad_norm":0.9548891491381677,"_wandb":{"runtime":1064},"train_runtime":627.6024,"train/epoch":1.8755760368663594,"train_steps_per_second":0.019,"total_flos":4.073184395264e+12,"_timestamp":1.7439773971894915e+09,"train/loss":0.3806,"train_samples_per_second":2.76,"_runtime":627.032437862,"train/global_step":12,"train/learning_rate":3.3493649053890325e-07,"train_loss":0.5523171971241633,"_step":3}