{"train_runtime":132.3716,"_step":3,"_wandb":{"runtime":356},"train_samples_per_second":15.049,"train/global_step":14,"train/learning_rate":9.412754953531664e-07,"train_loss":0.2740209038768496,"total_flos":2.452435959808e+12,"train_steps_per_second":0.106,"train/epoch":1.8639999999999999,"_timestamp":1.7471579190744567e+09,"_runtime":131.987681029,"train/grad_norm":0.9257938979233173,"train/loss":0.2915}