{"train_loss":0.18758897057601384,"train/grad_norm":0.9187711903834154,"train_samples_per_second":9.017,"_step":3,"train/global_step":14,"_timestamp":1.747149731895444e+09,"total_flos":2.54801567744e+12,"train/epoch":1.8064516129032258,"_runtime":219.21757685,"train_runtime":219.5943,"train_steps_per_second":0.064,"_wandb":{"runtime":444},"train/loss":0.1917,"train/learning_rate":9.412754953531664e-07}