{"train/global_step":2,"train_loss":1.276069700717926,"train/learning_rate":2.5e-06,"_step":1,"train_steps_per_second":0.045,"train/grad_norm":10.503218830999685,"_wandb":{"runtime":462},"train_runtime":43.9687,"train/epoch":1.8823529411764706,"total_flos":3.38550341632e+11,"train/loss":0.9788,"_runtime":43.615798484,"_timestamp":1.742253668847674e+09,"train_samples_per_second":6.186}