{"_runtime":58.881525172,"train/grad_norm":24.942800456770026,"_wandb":{"runtime":151},"train/loss":1.2442,"_step":0,"_timestamp":1.741683131778212e+09,"train/epoch":0.051118210862619806,"train/learning_rate":4.998633143352315e-06,"train/global_step":1}