{"train/epoch":1.973568281938326,"_step":6,"_runtime":768.376923552,"total_flos":1.4669620281344e+13,"train/grad_norm":0.44990848124718624,"_timestamp":1.7444491674148884e+09,"train_steps_per_second":0.036,"train_loss":0.06420819833874702,"train/learning_rate":1.4029167422908107e-07,"train_samples_per_second":4.724,"train_runtime":768.78,"train/loss":0.0439,"train/global_step":28,"_wandb":{"runtime":1229}}