{"_runtime":811.924602325,"train_steps_per_second":0.047,"train/learning_rate":7.649933515167407e-08,"train_runtime":812.2728,"_wandb":{"runtime":1233},"_timestamp":1.7446624720283628e+09,"train_samples_per_second":6.042,"train/loss":0.085,"train_loss":0.12976237425678655,"_step":8,"train/global_step":38,"train/grad_norm":0.43082562065909435,"train/epoch":1.980456026058632,"total_flos":1.0057516384256e+13}