{"_runtime":1857.913824096,"_wandb":{"runtime":2329},"train_loss":0.07158926767155979,"_step":14,"train_runtime":1858.3085,"total_flos":4.9713746804736e+13,"train/grad_norm":0.48802769829120435,"_timestamp":1.7443151076660125e+09,"train/epoch":1.9924528301886792,"train_steps_per_second":0.036,"train/global_step":66,"train_samples_per_second":4.562,"train/learning_rate":2.8316520424800933e-09,"train/loss":0.0404}