{"_timestamp":1.7447917738614845e+09,"train/global_step":110,"train/epoch":4.971751412429379,"train/grad_norm":0.449678343705827,"train_samples_per_second":13.3,"_step":23,"train/learning_rate":0,"_wandb":{"runtime":1280},"_runtime":1061.641030786,"train_runtime":1062.0022,"train_loss":0.04585046094249595,"train_steps_per_second":0.104,"total_flos":2.7131054456832e+13,"train/loss":0.0266}