{"train/loss":0.2053,"train_loss":0.38038368622461954,"_runtime":376.464256492,"train/learning_rate":0,"_wandb":{"runtime":581},"train_steps_per_second":0.08,"_timestamp":1.7403796473760288e+09,"train_runtime":376.8141,"_step":7,"train/global_step":30,"train/epoch":4.615384615384615,"train_samples_per_second":5.493,"total_flos":2.621356572672e+12,"train/grad_norm":0.8628182785170418}