{"train_loss":0.5126547068357468,"train/loss":0.5322,"train/grad_norm":6.066864532197262,"_timestamp":1.7413173800034866e+09,"train/epoch":1.8689655172413793,"train_steps_per_second":0.019,"_runtime":418.559559629,"train/learning_rate":1.5432914190872757e-06,"train_runtime":418.9467,"total_flos":4.168563392512e+12,"train/global_step":8,"train_samples_per_second":2.759,"_step":2,"_wandb":{"runtime":907}}