{"train_runtime":84.9592,"train/grad_norm":1.585909876815693,"train/global_step":6,"_wandb":{"runtime":311},"train_samples_per_second":11.723,"train/epoch":1.7301587301587302,"total_flos":8.68110565376e+11,"train/loss":0.353,"_step":2,"_timestamp":1.746038612033394e+09,"train_loss":0.3268038233121236,"_runtime":84.606540246,"train/learning_rate":3.3493649053890325e-07,"train_steps_per_second":0.071}