{"train/global_step":8,"train_runtime":422.6128,"train/learning_rate":1.5432914190872757e-06,"train_samples_per_second":2.745,"train_steps_per_second":0.019,"_step":2,"_timestamp":1.7413158054197953e+09,"_runtime":422.222218189,"train/epoch":1.8551724137931034,"total_flos":4.033495564288e+12,"train/grad_norm":5.824281395524125,"_wandb":{"runtime":921},"train/loss":0.5574,"train_loss":0.5359580144286156}