{"total_flos":6.195248955392e+12,"_runtime":629.469552493,"train/epoch":1.786046511627907,"train/loss":0.2433,"train/global_step":12,"train/grad_norm":1.0961850685485253,"train/learning_rate":3.3493649053890325e-07,"train_samples_per_second":2.731,"_timestamp":1.7413269992129538e+09,"_step":3,"train_loss":0.41408979147672653,"_wandb":{"runtime":1115},"train_steps_per_second":0.019,"train_runtime":629.8555}