{"train/global_step":14,"train_steps_per_second":0.07,"_wandb":{"runtime":443},"_runtime":198.561376395,"train/loss":0.2502,"train/learning_rate":9.412754953531664e-07,"train/epoch":1.9823008849557522,"train_runtime":198.9319,"_step":3,"train_samples_per_second":9.048,"train_loss":0.23796375947339193,"train/grad_norm":1.0150017898560857,"_timestamp":1.7460435399106789e+09,"total_flos":2.03440693248e+12}