{"train/learning_rate":3.3493649053890325e-07,"train/epoch":1.8823529411764706,"_wandb":{"runtime":624},"_runtime":527.655547447,"train_runtime":528.1257,"train/grad_norm":0.6310005863030439,"train_samples_per_second":6.177,"train_loss":0.2025842567284902,"train_steps_per_second":0.045,"_timestamp":1.7445829499612906e+09,"train/global_step":24,"_step":5,"total_flos":5.638864207872e+12,"train/loss":0.1647}