{"_wandb":{"runtime":582},"total_flos":7.536887267328e+12,"train_steps_per_second":0.108,"_step":9,"train_loss":0.29635522124313174,"train/global_step":42,"train/loss":0.16,"train/learning_rate":2.7922934437178695e-08,"train/epoch":1.9450867052023122,"train_runtime":387.4978,"_timestamp":1.7471983798216212e+09,"train/grad_norm":0.7900231314456677,"_runtime":387.159598863,"train_samples_per_second":14.25}