{"train/global_step":20,"train/loss":0.1261,"train/grad_norm":0.6992024856747302,"train_samples_per_second":5.013,"total_flos":9.993112190976e+12,"train/learning_rate":0,"_runtime":531.581980395,"train/epoch":0.9580838323353293,"_timestamp":1.7424732968737996e+09,"train_runtime":531.9938,"_wandb":{"runtime":1023},"_step":5,"train_steps_per_second":0.038,"train_loss":0.16691875085234642}