{"train_loss":0.1427454473007293,"train/loss":0.1067,"train/epoch":1.9708454810495626,"train_steps_per_second":0.046,"_timestamp":1.7446022647586305e+09,"_runtime":917.116069026,"_wandb":{"runtime":1326},"train/global_step":42,"train/grad_norm":0.510520660069784,"_step":9,"train/learning_rate":2.7922934437178695e-08,"train_runtime":917.5945,"train_samples_per_second":5.97,"total_flos":1.0332865101824e+13}