{"total_flos":2.3213255753728e+13,"train/global_step":30,"train_runtime":3125.9531,"train/loss":0.1074,"train/grad_norm":0.6150654142270598,"_step":7,"_timestamp":1.7417526767639732e+09,"train_steps_per_second":0.01,"train/epoch":4.69437652811736,"train_samples_per_second":2.615,"_runtime":3125.575996207,"_wandb":{"runtime":3621},"train_loss":0.2595372219880422,"train/learning_rate":0}