{"_wandb":{"runtime":782},"train/learning_rate":2.7922934437178695e-08,"total_flos":5.828270800896e+12,"train/grad_norm":0.4809804065036114,"_timestamp":1.7470989814914505e+09,"train_loss":0.059851202581609995,"train/global_step":42,"train/loss":0.0369,"train/epoch":5.843478260869565,"_runtime":573.748424096,"train_runtime":574.1169,"train_samples_per_second":9.563,"train_steps_per_second":0.073,"_step":9}