{"_runtime":1081.423462456,"train/grad_norm":0.2787214700675627,"train/epoch":4.76595744680851,"train_samples_per_second":5.197,"total_flos":2.0833277509632e+13,"train/learning_rate":0,"train/global_step":40,"train_steps_per_second":0.037,"_timestamp":1.741937290347178e+09,"_step":9,"train_loss":0.07336825523525477,"train/loss":0.0231,"train_runtime":1082.4299,"_wandb":{"runtime":1597}}