{"train/loss":0.0361,"_wandb":{"runtime":2641},"train_steps_per_second":0.048,"train/epoch":4.904347826086957,"_runtime":2197.295713304,"train/grad_norm":0.37752074499702415,"train_runtime":2197.6972,"train_loss":0.08109942930085319,"_step":22,"total_flos":3.9638839296e+13,"train/global_step":105,"_timestamp":1.7447528743223815e+09,"train_samples_per_second":6.275,"train/learning_rate":0}