{"train/learning_rate":3.3493649053890325e-07,"train/grad_norm":1.4169405459894162,"train_samples_per_second":8.813,"total_flos":1.699245113344e+12,"_timestamp":1.7460373260611742e+09,"_step":3,"train/global_step":12,"_wandb":{"runtime":393},"_runtime":171.325032878,"train_runtime":173.3837,"train/loss":0.4663,"train/epoch":2,"train_loss":0.7292022605737051,"train_steps_per_second":0.069}