{"train/learning_rate":0,"_runtime":212.120257089,"train_loss":0.4509299099445343,"train/loss":0.3907,"train/epoch":1.8181818181818183,"total_flos":1.85830506496e+12,"_wandb":{"runtime":640},"_step":3,"train_runtime":212.4636,"_timestamp":1.7422564222962363e+09,"train_steps_per_second":0.047,"train_samples_per_second":6.627,"train/grad_norm":2.6973578779278915,"train/global_step":10}