{"total_flos":1.1296309248e+12,"train/loss":0.9358,"train_steps_per_second":0.067,"_runtime":89.080993631,"_step":2,"train/grad_norm":3.167552367227183,"train_runtime":89.6215,"train/learning_rate":1.9098300562505266e-06,"train_loss":0.93313201268514,"train/global_step":6,"_timestamp":1.7403486247286768e+09,"_wandb":{"runtime":227},"train_samples_per_second":5.858,"train/epoch":2.1818181818181817}