{"train/epoch":1.0666666666666667,"train_runtime":46.9672,"train_steps_per_second":0.043,"_step":1,"train_samples_per_second":10.22,"total_flos":3.68604397568e+11,"train/global_step":2,"train/loss":1.3518,"train/grad_norm":23.89683919553415,"train/learning_rate":2.5e-06,"train_loss":1.2994982600212097,"_timestamp":1.742251106394677e+09,"_runtime":46.170658031,"_wandb":{"runtime":460}}