{"_timestamp":1.7444209088910103e+09,"train_steps_per_second":0.037,"train/loss":0.2124,"total_flos":1.0638076575744e+13,"train/learning_rate":1.822781475486507e-08,"train_loss":0.3719738366512152,"train_samples_per_second":4.975,"_runtime":697.030040885,"train_runtime":699.4892,"_wandb":{"runtime":1177},"train/global_step":26,"train/epoch":1.908256880733945,"_step":6,"train/grad_norm":0.9369032423196086}