{"_step":7,"train/grad_norm":0.9766043147458645,"train_samples_per_second":3.36,"train/epoch":4.615384615384615,"train/loss":0.3088,"train/global_step":30,"_timestamp":1.7404761893077822e+09,"_runtime":618.625561257,"train_steps_per_second":0.048,"train_loss":0.4231377085049947,"total_flos":2.626181873664e+12,"train_runtime":619.0284,"train/learning_rate":0,"_wandb":{"runtime":1029}}