{"train_steps_per_second":0.037,"_runtime":1069.80547353,"train/loss":0.0829,"total_flos":1.546879041536e+13,"train/global_step":40,"train/grad_norm":0.7717421752636365,"train/learning_rate":0,"_step":9,"train_runtime":1070.1995,"train/epoch":4.885496183206107,"train_loss":0.2595707342028618,"train_samples_per_second":4.892,"_wandb":{"runtime":1585},"_timestamp":1.741931973425491e+09}