{"train_samples_per_second":3.016,"_runtime":1062.367390759,"total_flos":3.384897101824e+12,"_wandb":{"runtime":1475},"train/epoch":4.9689440993788825,"train/grad_norm":1.28883951511048,"train_steps_per_second":0.047,"_timestamp":1.7406503371921353e+09,"_step":11,"train_loss":0.2534297025203705,"train/global_step":50,"train/loss":0.0904,"train/learning_rate":0,"train_runtime":1062.8389}