{"train/learning_rate":0,"train/grad_norm":0.723037429583202,"train/global_step":15,"train/epoch":4.872727272727273,"train_steps_per_second":0.012,"total_flos":1.3188900854326886e+17,"_wandb":{"runtime":2009},"train_runtime":1204.4926,"_step":4,"train_samples_per_second":1.81,"_runtime":1203.964136346,"train/loss":0.1291,"_timestamp":1.7410214925209367e+09,"train_loss":0.388490096728007}