{"_wandb":{"runtime":3744},"train_runtime":2982.668,"train/learning_rate":0,"train/global_step":35,"_step":8,"train_samples_per_second":1.505,"train_steps_per_second":0.012,"train/loss":0.0949,"train_loss":0.20112226009368897,"total_flos":2.3903983761149133e+17,"_runtime":2972.099911765,"_timestamp":1.741255759239816e+09,"train/grad_norm":0.6362906534577231,"train/epoch":4.424778761061947}