{"train/epoch":1.8823529411764706,"_timestamp":1.7421265748402884e+09,"train/loss":0.312,"train_samples_per_second":5.082,"total_flos":5.798981894144e+12,"_step":3,"train_steps_per_second":0.037,"train/grad_norm":0.7891174403822919,"train/learning_rate":3.3493649053890325e-07,"train/global_step":12,"_wandb":{"runtime":823},"train_runtime":320.714,"_runtime":320.28797505,"train_loss":0.43100889027118683}