{"train_runtime":639.3362,"train/loss":0.2495,"train/learning_rate":3.3493649053890325e-07,"train/epoch":1.7657657657657657,"train/global_step":12,"train_loss":0.2661009778579076,"train_samples_per_second":2.772,"train/grad_norm":1.017573497221115,"_runtime":638.954924358,"_step":3,"train_steps_per_second":0.019,"_wandb":{"runtime":695},"total_flos":4.103082901504e+12,"_timestamp":1.743982114790248e+09}