{"train/grad_norm":1.056762860566664,"_timestamp":1.7421218381993294e+09,"total_flos":5.220094181376e+12,"_wandb":{"runtime":869},"_step":3,"train/global_step":14,"train_loss":0.21176999381610326,"train/epoch":1.9478260869565216,"train_steps_per_second":0.037,"train/loss":0.2243,"train_runtime":373.3924,"_runtime":373.030384587,"train_samples_per_second":4.906,"train/learning_rate":9.412754953531664e-07}