{"train_loss":0.1915356437365214,"total_flos":2.4469437906944e+13,"_wandb":{"runtime":2292},"train/epoch":4.8979591836734695,"train/grad_norm":0.3690344871512644,"train_steps_per_second":0.048,"train/loss":0.0696,"train/learning_rate":0,"train_samples_per_second":6.275,"_step":19,"_timestamp":1.7446790906944768e+09,"train/global_step":90,"_runtime":1871.227296306,"train_runtime":1872.4257}