{"train_runtime":736.2678,"train/global_step":12,"_step":3,"train/loss":0.3114,"train_steps_per_second":0.016,"_timestamp":1.7412744804792366e+09,"_runtime":732.943367397,"train/learning_rate":3.3493649053890325e-07,"total_flos":5.643355635580928e+16,"train_samples_per_second":2.401,"_wandb":{"runtime":1246},"train/epoch":1.864864864864865,"train_loss":0.4519084816177686,"train/grad_norm":1.5700141052332828}