{"train/learning_rate":7.649933515167407e-08,"train/epoch":1.9587301587301589,"_timestamp":1.7421317120830684e+09,"train_steps_per_second":0.037,"train/grad_norm":0.952224222082615,"train/loss":0.138,"_step":8,"train/global_step":38,"total_flos":1.5164406071296e+13,"_wandb":{"runtime":1114},"train_runtime":1020.3848,"train_samples_per_second":4.928,"train_loss":0.2890119364387111,"_runtime":1019.190453524}