{"train_steps_per_second":0.037,"_wandb":{"runtime":1483},"train/global_step":34,"_runtime":918.814568939,"train_samples_per_second":4.966,"_step":7,"total_flos":1.3379945824256e+13,"train/loss":0.1734,"train/grad_norm":0.9510946640865678,"_timestamp":1.7421774972044096e+09,"train_loss":0.3261890411376953,"train/epoch":1.9125874125874125,"train_runtime":919.4442,"train/learning_rate":1.6881942648911077e-07}