{"_wandb":{"runtime":1263},"train/global_step":110,"train/epoch":4.888888888888889,"train/loss":0.0539,"train/grad_norm":0.6206973927319948,"_timestamp":1.7447869672843356e+09,"_step":23,"total_flos":2.7596019728384e+13,"train_samples_per_second":13.609,"_runtime":1055.520188242,"train_steps_per_second":0.104,"train_runtime":1055.9226,"train/learning_rate":0,"train_loss":0.10534985146739266}