{"total_flos":4.2337074610176e+13,"_step":14,"train_loss":0.22218365967273712,"_runtime":1833.437661991,"train_runtime":1835.8744,"train/global_step":66,"train/learning_rate":2.8316520424800933e-09,"_timestamp":1.743661665962025e+09,"train/grad_norm":0.5247599560000004,"train_steps_per_second":0.036,"train/epoch":1.966728280961183,"_wandb":{"runtime":2280},"train_samples_per_second":4.712,"train/loss":0.1591}