{"train_loss":0.6906591504812241,"total_flos":1.603720593408e+12,"train/learning_rate":3.3493649053890325e-07,"train/global_step":12,"_step":3,"_timestamp":1.7470786017468045e+09,"train/epoch":1.92,"train_samples_per_second":9.311,"_wandb":{"runtime":391},"train_steps_per_second":0.07,"_runtime":168.330687623,"train/grad_norm":1.2239566875113723,"train/loss":0.4681,"train_runtime":170.9876}