{"train_runtime":373.0138,"train_samples_per_second":4.82,"_timestamp":1.7421291131041923e+09,"train_steps_per_second":0.038,"train/grad_norm":0.8813391984453651,"train/epoch":1.9823008849557522,"_wandb":{"runtime":877},"train/loss":0.2255,"_step":3,"_runtime":372.604698186,"train_loss":0.2119105053799493,"train/global_step":14,"total_flos":6.704400400384e+12,"train/learning_rate":9.412754953531664e-07}