{"train/grad_norm":0.3060042431473,"train/epoch":4.926517571884984,"train/global_step":95,"_step":20,"_runtime":5017.101566092,"_wandb":{"runtime":5107},"train_runtime":5017.4804,"train_samples_per_second":2.494,"total_flos":4.1946924679168e+13,"train/learning_rate":0,"train/loss":0.029,"_timestamp":1.7416883693203764e+09,"train_steps_per_second":0.019,"train_loss":0.1087512206090124}