{"train/epoch":1.7818181818181817,"train/global_step":12,"train_loss":0.5236450533072153,"train/loss":0.3475,"train_samples_per_second":5.45,"_runtime":319.493985664,"train/grad_norm":0.8933722219139909,"_wandb":{"runtime":802},"_step":3,"train_runtime":320.7252,"total_flos":5.261494616064e+12,"train/learning_rate":3.3493649053890325e-07,"train_steps_per_second":0.037,"_timestamp":1.742534486004046e+09}