{"train/global_step":8,"_runtime":421.687299418,"_wandb":{"runtime":903},"train_samples_per_second":2.616,"train_runtime":422.0702,"train/grad_norm":5.420589726088877,"train/epoch":1.8695652173913042,"_timestamp":1.7413142987789326e+09,"total_flos":3.874802139136e+12,"train_steps_per_second":0.019,"train/loss":0.586,"train_loss":0.5693633630871773,"_step":2,"train/learning_rate":1.5432914190872757e-06}