{"_timestamp":1.7460444166148138e+09,"train/epoch":2,"train_loss":0.7290378709634145,"train/loss":0.4662,"train_runtime":164.4442,"_runtime":164.078893527,"total_flos":1.699245113344e+12,"train/global_step":12,"train/learning_rate":3.3493649053890325e-07,"train_steps_per_second":0.073,"_wandb":{"runtime":408},"train_samples_per_second":9.292,"train/grad_norm":1.416885158443228,"_step":3}