{"train/learning_rate":9.412754953531664e-07,"train/global_step":14,"train/loss":0.3928,"train_samples_per_second":9.634,"total_flos":2.097269293056e+12,"train_steps_per_second":0.072,"_step":3,"train_loss":0.38522770575114657,"_timestamp":1.7459792669050322e+09,"_runtime":194.377602379,"_wandb":{"runtime":445},"train_runtime":194.7186,"train/epoch":1.8983050847457628,"train/grad_norm":1.0380214149503721}