{"_wandb":{"runtime":755},"train_samples_per_second":5.106,"train_steps_per_second":0.038,"_timestamp":1.7421071210897567e+09,"_runtime":265.976679076,"train/learning_rate":0,"train/epoch":1.8823529411764706,"_step":3,"train_runtime":266.3568,"train_loss":0.6954872727394104,"train/loss":0.4636,"train/grad_norm":1.3449765345641413,"train/global_step":10,"total_flos":2.69802668032e+12}