{"train_runtime":591.6674,"train/grad_norm":0.35551343492352044,"_runtime":591.292026255,"train/learning_rate":1.0126756596375687e-07,"train_samples_per_second":4.758,"train_steps_per_second":0.037,"train/epoch":1,"train_loss":0.06193093684586612,"_step":5,"train/global_step":22,"train/loss":0.0604,"total_flos":1.11035703296e+13,"_timestamp":1.7425060194821944e+09,"_wandb":{"runtime":1085}}