{"train/epoch":3.9119804400977998,"_step":5,"_wandb":{"runtime":3146},"_runtime":2622.464017344,"train/global_step":25,"train/loss":0.1144,"train/grad_norm":0.7188981769798453,"train/learning_rate":3.3493649053890325e-07,"_timestamp":1.7417489413378e+09}