{"train_runtime":713.6833,"train_samples_per_second":4.929,"total_flos":1.3550475706368e+13,"train/learning_rate":1.822781475486507e-08,"train/grad_norm":0.6209978952929917,"_runtime":713.306741895,"train_loss":0.1190553863461201,"_step":6,"train/epoch":1.8909090909090909,"_wandb":{"runtime":1177},"train_steps_per_second":0.036,"_timestamp":1.7444445022106354e+09,"train/global_step":26,"train/loss":0.0759}