{"_step":3,"train/loss":0.2457,"train_loss":0.48041062355041503,"train/epoch":3.4705882352941178,"train_runtime":609.2434,"_wandb":{"runtime":1292},"_runtime":608.654182632,"train/learning_rate":0,"train/global_step":10,"total_flos":4.346466369798144e+16,"train/grad_norm":7.756094454620945,"train_steps_per_second":0.016,"_timestamp":1.740751143488432e+09,"train_samples_per_second":2.216}