{"train/global_step":1,"_timestamp":1.74035741369309e+09,"train/loss":1.2123,"train/epoch":0.36363636363636365,"train/learning_rate":2e-05,"train/grad_norm":18.630745312828925,"_step":0,"_wandb":{"runtime":49},"_runtime":17.019508166}