{"train/global_step":32,"_runtime":706.192950601,"train/learning_rate":4.8036798991923925e-08,"_wandb":{"runtime":1093},"train_runtime":706.6016,"total_flos":8.393446801408e+12,"train/grad_norm":0.515343396677377,"_step":7,"train/epoch":1.9616858237547894,"train_samples_per_second":5.907,"train/loss":0.2232,"train_steps_per_second":0.045,"_timestamp":1.7446501369825227e+09,"train_loss":0.37101117242127657}