{"_timestamp":1.7411809641274822e+09,"train/loss":0.1847,"train/epoch":4.872727272727273,"train/learning_rate":0,"train_loss":0.32370952765146893,"total_flos":1.5194804072952627e+17,"train_samples_per_second":2.215,"_wandb":{"runtime":2693},"_runtime":1975.66034033,"train_steps_per_second":0.015,"train/global_step":30,"train/grad_norm":0.4125231729972981,"_step":7,"train_runtime":1977.7827}