{"_timestamp":1.7403768424246407e+09,"train_samples_per_second":5.462,"train_steps_per_second":0.081,"total_flos":2.571408252928e+12,"train_runtime":372.5599,"train/loss":0.266,"_wandb":{"runtime":572},"_step":7,"_runtime":372.210429288,"train/global_step":30,"train_loss":0.42721088727315265,"train/learning_rate":0,"train/epoch":4.705882352941177,"train/grad_norm":0.8349399023149919}