{"_wandb":{"runtime":2448},"_timestamp":1.7439265081628342e+09,"train/grad_norm":0.5115403188333801,"train/global_step":38,"_step":8,"train/learning_rate":7.649933515167407e-08,"train_loss":0.2478369537152742,"_runtime":2020.603982961,"train/loss":0.183,"train_samples_per_second":2.524,"total_flos":2.116898799616e+13,"train_runtime":2022.8392,"train/epoch":1.9123630672926448,"train_steps_per_second":0.019}