{"train/learning_rate":3.15616451591666e-08,"train_runtime":544.5229,"_runtime":543.939008472,"_wandb":{"runtime":1048},"train_loss":0.17545194791842111,"_step":16,"train_samples_per_second":4.668,"train/epoch":0.9937106918238994,"_timestamp":1.7419399367818186e+09,"train/grad_norm":0.9543542794294788,"train/global_step":79,"train/loss":0.0848,"total_flos":1.043629940736e+13,"train_steps_per_second":0.145}