{"total_flos":6.670638907392e+12,"train/learning_rate":9.412754953531664e-07,"_wandb":{"runtime":872},"train_runtime":377.6288,"train_loss":0.1593655635203634,"train/loss":0.166,"train_samples_per_second":4.963,"train/grad_norm":0.8657422766424289,"_timestamp":1.742538970740682e+09,"_step":3,"train_steps_per_second":0.037,"train/global_step":14,"train/epoch":1.8983050847457628,"_runtime":377.212167468}