{"train/grad_norm":1.2488828389026825,"_timestamp":1.742104918016849e+09,"_runtime":267.667309888,"total_flos":2.732907675648e+12,"_wandb":{"runtime":762},"train_runtime":268.277,"train/loss":0.4915,"train/global_step":10,"train_samples_per_second":5.092,"train_steps_per_second":0.037,"train/learning_rate":0,"_step":3,"train_loss":0.7149388790130615,"train/epoch":1.8604651162790697}