{"total_flos":1.0044741025792e+13,"train/learning_rate":7.649933515167407e-08,"_timestamp":1.7446658393608515e+09,"_step":8,"train/global_step":38,"_runtime":818.790047582,"train_samples_per_second":6.133,"_wandb":{"runtime":1252},"train/epoch":1.9363057324840764,"train_steps_per_second":0.046,"train_loss":0.05142474174499512,"train_runtime":819.1295,"train/loss":0.0365,"train/grad_norm":0.3888793211982078}