{"train/loss":0.1761,"total_flos":7.519631327232e+12,"_step":9,"train/epoch":1.9794721407624634,"train/grad_norm":0.7420734901874014,"_runtime":388.861541615,"train_loss":0.31111772784164976,"_wandb":{"runtime":597},"train_samples_per_second":13.986,"train_steps_per_second":0.108,"train_runtime":389.258,"_timestamp":1.7471955934430842e+09,"train/learning_rate":2.7922934437178695e-08,"train/global_step":42}