{"train/grad_norm":0.7941044888366806,"train_loss":0.1373401085535685,"_timestamp":1.7421812825353951e+09,"train/learning_rate":0,"train/global_step":30,"train/loss":0.0913,"train_samples_per_second":5.048,"total_flos":1.2144660381696e+13,"_step":7,"_runtime":806.266012138,"train_runtime":806.6499,"train_steps_per_second":0.037,"_wandb":{"runtime":1321},"train/epoch":1.9254901960784314}