{"_runtime":1580.72945837,"train_loss":0.22530565410852432,"_timestamp":1.7404635309547784e+09,"_step":13,"total_flos":7.796339687424e+12,"_wandb":{"runtime":2059},"train/loss":0.0649,"train/learning_rate":0,"train/epoch":4.8979591836734695,"train_steps_per_second":0.038,"train_samples_per_second":2.476,"train/grad_norm":0.9312082617931724,"train/global_step":60,"train_runtime":1581.148}