{"_timestamp":1.740357845707084e+09,"_wandb":{"runtime":81},"train/learning_rate":1.9098300562505266e-06,"train/grad_norm":3.1318683581026474,"train/global_step":5,"_runtime":75.608956373,"train/loss":0.9358,"_step":1,"train/epoch":1.8181818181818183}