{"total_flos":4.291380330496e+12,"_step":7,"_runtime":648.180923393,"train/global_step":30,"_timestamp":1.7406445245757987e+09,"train/learning_rate":0,"train/epoch":4.444444444444445,"train_steps_per_second":0.046,"train_runtime":648.6643,"train_samples_per_second":3.33,"train/loss":0.1205,"train_loss":0.2270124097665151,"_wandb":{"runtime":1068},"train/grad_norm":0.678402289189651}