{"_timestamp":1.7422597574778557e+09,"train_runtime":375.2577,"train/loss":0.2553,"train/learning_rate":9.412754953531664e-07,"_step":3,"train/grad_norm":1.0779410861116576,"_runtime":374.882378534,"train_samples_per_second":5.095,"total_flos":5.79889463296e+12,"train_steps_per_second":0.037,"train_loss":0.2530574713434492,"train/global_step":14,"train/epoch":1.8666666666666667,"_wandb":{"runtime":863}}