{"_step":6,"train_steps_per_second":0.037,"total_flos":9.793130266624e+12,"_timestamp":1.7421781640198915e+09,"train/epoch":1.908256880733945,"train/learning_rate":1.822781475486507e-08,"train_loss":0.3811434856974162,"train_samples_per_second":5.006,"train_runtime":694.7733,"train/global_step":26,"_runtime":694.185480257,"_wandb":{"runtime":1236},"train/grad_norm":1.0382236944634862,"train/loss":0.2227}