{"train_loss":0.1391792567003341,"train/epoch":1.9189189189189189,"train_runtime":2237.5966,"train_samples_per_second":2.512,"total_flos":2.5012910096384e+13,"train/learning_rate":2.7922934437178695e-08,"_timestamp":1.7439363755964203e+09,"train/global_step":42,"train_steps_per_second":0.019,"train/grad_norm":0.40488567801024256,"_step":9,"train/loss":0.1162,"_runtime":2237.179682726,"_wandb":{"runtime":2654}}