{"_step":18,"train_samples_per_second":13.7,"total_flos":2.0525201358848e+13,"_timestamp":1.7447788469178603e+09,"train/loss":0.1733,"train_loss":0.23935811028761023,"train/epoch":4.857142857142857,"_wandb":{"runtime":1017},"train_runtime":815.3278,"_runtime":814.951094682,"train_steps_per_second":0.104,"train/grad_norm":0.5169966523033078,"train/learning_rate":0,"train/global_step":85}