{"train/global_step":12,"train/loss":0.4682,"train/grad_norm":1.2226976095059625,"train_loss":0.6905756642421087,"_runtime":163.657863644,"train_runtime":163.9871,"_step":3,"_wandb":{"runtime":405},"train/learning_rate":3.3493649053890325e-07,"train/epoch":1.92,"train_samples_per_second":9.708,"train_steps_per_second":0.073,"_timestamp":1.7460408860305102e+09,"total_flos":1.603720593408e+12}