{"train_loss":0.3695512652397156,"_wandb":{"runtime":1000},"total_flos":1.0187394809856e+13,"train/loss":0.2259,"_timestamp":1.7444783292906184e+09,"_runtime":544.269478675,"train_steps_per_second":0.037,"train/global_step":20,"train_samples_per_second":5.064,"train/epoch":1.8959537572254335,"train/learning_rate":0,"train_runtime":545.4707,"train/grad_norm":0.66738623305846,"_step":5}