{"train/grad_norm":0.5709395493241601,"_timestamp":1.7444830591155825e+09,"train/loss":0.0853,"total_flos":1.435822178304e+13,"train_loss":0.13078677654266357,"train_steps_per_second":0.036,"_step":6,"_runtime":715.584692764,"train_samples_per_second":4.964,"train/learning_rate":1.822781475486507e-08,"train_runtime":715.9827,"train/epoch":1.9282511210762332,"_wandb":{"runtime":793},"train/global_step":26}