{"_step":9,"_runtime":1131.965774412,"_wandb":{"runtime":1613},"train/epoch":1.9881656804733727,"train_steps_per_second":0.037,"train/loss":0.0335,"train_samples_per_second":4.765,"total_flos":2.1433752354816e+13,"train/grad_norm":0.3368035319133677,"train/learning_rate":2.7922934437178695e-08,"train_runtime":1132.3458,"train_loss":0.044699693364756446,"train/global_step":42,"_timestamp":1.7435935657878458e+09}