{"_timestamp":1.7446842941516116e+09,"_step":22,"train_samples_per_second":6.21,"train/learning_rate":0,"train/grad_norm":0.21444606458166818,"train/global_step":105,"_wandb":{"runtime":2592},"train_loss":0.03327398640768869,"train_runtime":2181.232,"train/epoch":4.95575221238938,"total_flos":2.8639326420992e+13,"train/loss":0.0164,"_runtime":2180.82491053,"train_steps_per_second":0.048}