{"_step":3,"_wandb":{"runtime":765},"_runtime":267.032281715,"train_loss":0.6964135050773621,"train/grad_norm":1.2977019963118526,"train_samples_per_second":5.183,"train/epoch":1.8620689655172413,"train/global_step":10,"train_runtime":267.4185,"train/loss":0.4708,"total_flos":2.693491408896e+12,"_timestamp":1.74210602406587e+09,"train_steps_per_second":0.037,"train/learning_rate":0}