{"train/epoch":4.854700854700854,"train_runtime":933.9303,"total_flos":1.0127001960448e+13,"train/global_step":35,"train_samples_per_second":4.984,"_timestamp":1.7420863280168633e+09,"_runtime":933.511966386,"train/learning_rate":0,"train_steps_per_second":0.037,"_step":8,"train/loss":0.1219,"_wandb":{"runtime":1440},"train/grad_norm":1.0237408862072697,"train_loss":0.35192770276750834}