{"train_loss":0.23599882211003984,"_runtime":197.67428616,"train/epoch":1.9823008849557522,"train_runtime":198.054,"train/global_step":14,"_timestamp":1.7470813071424034e+09,"train/loss":0.2495,"total_flos":2.088618328064e+12,"train/learning_rate":9.412754953531664e-07,"_wandb":{"runtime":406},"_step":3,"train/grad_norm":1.0804577288568757,"train_steps_per_second":0.071,"train_samples_per_second":9.068}