{"_step":6,"train/loss":0.0512,"total_flos":1.5455612633088e+13,"train_steps_per_second":0.037,"train/global_step":28,"train/learning_rate":1.4029167422908107e-07,"train_loss":0.07154481698359762,"train/grad_norm":0.42121421643699153,"train/epoch":1.973568281938326,"train_samples_per_second":4.752,"_wandb":{"runtime":1240},"_timestamp":1.744492266665293e+09,"train_runtime":764.3014,"_runtime":763.903689375}