{"train/grad_norm":0.6756617200254237,"train_steps_per_second":0.019,"_wandb":{"runtime":2070},"_runtime":1594.186810494,"train/global_step":30,"total_flos":1.514537091072e+13,"train/learning_rate":0,"train_loss":0.2652997612953186,"_timestamp":1.7413421454899483e+09,"train/loss":0.1266,"train_samples_per_second":2.784,"train/epoch":4.4324324324324325,"_step":7,"train_runtime":1594.591}