{"_runtime":797.343448625,"train/epoch":4.623853211009174,"train_samples_per_second":5.459,"_step":7,"train/global_step":30,"train_runtime":797.7504,"train/loss":0.2082,"train_steps_per_second":0.038,"train_loss":0.410877255598704,"train/learning_rate":0,"_timestamp":1.7420777699246001e+09,"_wandb":{"runtime":1277},"train/grad_norm":1.285443610323247,"total_flos":8.696147050496e+12}