{"_step":3,"train/epoch":1.855072463768116,"_runtime":633.718215885,"train/grad_norm":0.7457303031419668,"train/loss":0.2848,"train_steps_per_second":0.019,"_timestamp":1.7413239107848008e+09,"train/learning_rate":3.3493649053890325e-07,"train_runtime":634.502,"train_loss":0.45293335368235904,"train/global_step":12,"total_flos":5.888847904768e+12,"train_samples_per_second":2.6,"_wandb":{"runtime":1118}}