{"_wandb":{"runtime":1140},"train/grad_norm":0.5286467137790013,"total_flos":8.911761358848e+12,"train/epoch":1.971014492753623,"train/learning_rate":1.6881942648911077e-07,"_step":7,"_timestamp":1.744607581967594e+09,"train_steps_per_second":0.046,"train/global_step":34,"train_samples_per_second":5.97,"train_loss":0.3607891394811518,"_runtime":739.351222078,"train_runtime":739.7368,"train/loss":0.2191}