{"total_flos":6.138419550670029e+16,"train/learning_rate":3.3493649053890325e-07,"_runtime":761.642767112,"train/loss":0.3388,"_timestamp":1.7412642162985425e+09,"train_runtime":762.0411,"_step":3,"train/epoch":1.8727272727272726,"train_steps_per_second":0.016,"train/global_step":12,"train_loss":0.4626212889949481,"train/grad_norm":1.5634137557940744,"_wandb":{"runtime":1256},"train_samples_per_second":2.294}