{"_wandb":{"runtime":31},"_timestamp":1.7407398084328206e+09,"train/loss":1.0595,"_step":0,"train/grad_norm":17.287000824403314,"train/learning_rate":4.9692208514878445e-06,"train/epoch":0.21052631578947367,"train/global_step":1,"_runtime":29.234724659}