{"_runtime":495.043099773,"train/learning_rate":9.513254770636138e-09,"train_runtime":495.4077,"train/grad_norm":0.6793637443501824,"train_samples_per_second":10.682,"_wandb":{"runtime":714},"train_loss":0.1420781146734953,"train/loss":0.0866,"train/global_step":36,"_timestamp":1.7470973428020554e+09,"_step":8,"total_flos":4.956136636416e+12,"train/epoch":5.774774774774775,"train_steps_per_second":0.073}