{"total_flos":4.073184395264e+12,"train/learning_rate":3.3493649053890325e-07,"train/grad_norm":0.9543896766275728,"train/loss":0.3821,"_timestamp":1.7439750344292054e+09,"_step":3,"train_loss":0.5532026241223017,"train_runtime":635.2575,"train/epoch":1.8755760368663594,"train_steps_per_second":0.019,"train_samples_per_second":2.726,"train/global_step":12,"_runtime":632.858220373,"_wandb":{"runtime":670}}