{"train/learning_rate":0,"train/loss":0.2525,"train_loss":0.46826043605804446,"train/epoch":4.651162790697675,"train_steps_per_second":0.038,"train_runtime":659.5764,"_runtime":659.193359549,"train/grad_norm":1.2438813338196484,"_step":6,"train/global_step":25,"_timestamp":1.7420887721519613e+09,"train_samples_per_second":5.178,"_wandb":{"runtime":1158},"total_flos":6.855931314176e+12}