{"train_loss":0.2412097828728812,"train/learning_rate":0,"_runtime":1858.965030623,"_step":8,"train/epoch":4.933920704845815,"_wandb":{"runtime":2339},"_timestamp":1.7413471079793203e+09,"train_steps_per_second":0.019,"total_flos":1.8189207044096e+13,"train_runtime":1859.3574,"train/loss":0.0939,"train_samples_per_second":2.436,"train/global_step":35,"train/grad_norm":0.6449331029026517}