{"train/learning_rate":2.9593737945414264e-06,"train/epoch":0.8391608391608392,"_step":3,"train/loss":0.3134,"train/global_step":15,"_wandb":{"runtime":536},"train/grad_norm":1.1642719983506589,"_timestamp":1.7421691919540987e+09,"_runtime":402.857185287}