{"_runtime":564.994118144,"train_loss":0.0736187029452551,"train_steps_per_second":0.037,"total_flos":1.0624666271744e+13,"_step":5,"train_runtime":565.3839,"_wandb":{"runtime":1079},"train/epoch":0.9627507163323782,"train_samples_per_second":4.926,"train/learning_rate":2.7922934437178695e-08,"train/grad_norm":0.4204736243487095,"_timestamp":1.7425009073611538e+09,"train/loss":0.0673,"train/global_step":21}