{"train/epoch":1.9591836734693877,"_timestamp":1.7425372061787214e+09,"train/global_step":12,"_step":3,"train/loss":0.2483,"train/learning_rate":3.3493649053890325e-07,"train/grad_norm":0.592509764546508,"train_runtime":329.0031,"total_flos":7.14898374656e+12,"train_steps_per_second":0.036,"train_loss":0.3773445909221967,"train_samples_per_second":4.742,"_wandb":{"runtime":823},"_runtime":328.406155019}