{"_runtime":377.97438897,"total_flos":5.970783993856e+12,"train_samples_per_second":5.106,"train/loss":0.1626,"train_runtime":378.382,"train/learning_rate":9.412754953531664e-07,"train_steps_per_second":0.037,"_timestamp":1.7422641291308744e+09,"_step":3,"_wandb":{"runtime":873},"train/epoch":1.8760330578512396,"train_loss":0.15301919622080667,"train/global_step":14,"train/grad_norm":0.9170576719546671}