{"train/grad_norm":0.544409334492624,"train_steps_per_second":0.036,"total_flos":1.4984274706432e+13,"train/learning_rate":1.0126756596375687e-07,"train_loss":0.3036362826824188,"train/epoch":1.914438502673797,"_timestamp":1.7443802284391456e+09,"_step":5,"_wandb":{"runtime":1103},"train/global_step":22,"train/loss":0.189,"train_samples_per_second":4.843,"_runtime":616.161045015,"train_runtime":616.5829}