{"train/loss":0.2018,"_timestamp":1.7403725146684523e+09,"train_runtime":470.2646,"train/epoch":4.87218045112782,"train/global_step":40,"train_loss":0.3977834045886993,"train_steps_per_second":0.085,"_runtime":469.876181305,"_step":9,"total_flos":2.084551098368e+12,"train/grad_norm":1.485140561027258,"train/learning_rate":0,"train_samples_per_second":5.646,"_wandb":{"runtime":668}}