{"train/global_step":35,"train_steps_per_second":0.019,"train/learning_rate":0,"train/loss":0.1821,"train_runtime":1856.1843,"_timestamp":1.7411948333018634e+09,"train/grad_norm":0.4314128617036477,"_step":8,"total_flos":1.4120452685719142e+17,"train_samples_per_second":2.424,"_wandb":{"runtime":2654},"train_loss":0.2846892697470529,"_runtime":1850.533748026,"train/epoch":4.424778761061947}