{"train/global_step":12,"_timestamp":1.747079887279353e+09,"_runtime":168.360714253,"_step":3,"train_runtime":168.7078,"train/loss":0.3336,"train/epoch":1.8198198198198199,"train/grad_norm":0.8302719846217538,"_wandb":{"runtime":393},"train/learning_rate":3.3493649053890325e-07,"train_steps_per_second":0.071,"train_loss":0.3255521282553673,"train_samples_per_second":10.492,"total_flos":1.710302773248e+12}