{"train/global_step":14,"train/loss":0.294,"train_steps_per_second":0.072,"_step":3,"_runtime":194.755430514,"_wandb":{"runtime":423},"train/learning_rate":9.412754953531664e-07,"train/grad_norm":1.20186701925911,"train_samples_per_second":9.37,"total_flos":2.121140977664e+12,"train_loss":0.2748700976371765,"train_runtime":195.0961,"train/epoch":1.9565217391304348,"_timestamp":1.7459807350206118e+09}