{"train/epoch":1.9273504273504274,"_timestamp":1.743995773809371e+09,"_runtime":737.881163484,"_step":3,"total_flos":4.870933250048e+12,"train_loss":0.16794806718826294,"train_samples_per_second":2.533,"_wandb":{"runtime":1219},"train_steps_per_second":0.019,"train_runtime":738.3043,"train/learning_rate":9.412754953531664e-07,"train/global_step":14,"train/grad_norm":1.018609052501238,"train/loss":0.1771}