{"train_samples_per_second":5.92,"_runtime":909.993630153,"train/learning_rate":2.7922934437178695e-08,"train_steps_per_second":0.046,"_wandb":{"runtime":1327},"train/loss":0.1504,"train_runtime":910.4072,"_timestamp":1.7425573290778458e+09,"total_flos":1.130751229952e+13,"train/grad_norm":0.4867820672628901,"train_loss":0.2774322763794944,"train/global_step":42,"_step":9,"train/epoch":1.9940652818991098}