{"train/loss":0.412,"train_loss":0.3947621839387076,"train/global_step":14,"train_samples_per_second":9.299,"_step":3,"_wandb":{"runtime":434},"train/learning_rate":9.412754953531664e-07,"_timestamp":1.7460458577964327e+09,"total_flos":2.114472738816e+12,"train_steps_per_second":0.071,"train/epoch":1.9478260869565216,"train/grad_norm":1.095869497824001,"train_runtime":197.8813,"_runtime":197.497495717}