{"train_loss":0.3277321408192317,"train_runtime":166.7449,"train/loss":0.3418,"train_samples_per_second":10.387,"_runtime":166.357603446,"train_steps_per_second":0.072,"_timestamp":1.7460421869709682e+09,"_step":3,"train/grad_norm":0.8707639732873806,"train/global_step":12,"train/epoch":1.8623853211009176,"total_flos":1.70778300416e+12,"train/learning_rate":3.3493649053890325e-07,"_wandb":{"runtime":388}}