{"train/grad_norm":0.6691628690742748,"train/loss":0.1139,"train/global_step":35,"_runtime":2997.329719734,"_step":8,"_timestamp":1.741245018478168e+09,"train_steps_per_second":0.012,"train_samples_per_second":1.499,"total_flos":2.3667830138339328e+17,"_wandb":{"runtime":3797},"train/epoch":4.424778761061947,"train_loss":0.21773582696914673,"train_runtime":2998.0685,"train/learning_rate":0}