{"train/loss":1.0755,"train/grad_norm":7.241501436075298,"_wandb":{"runtime":67},"train/global_step":5,"_step":1,"train/learning_rate":1.973044870579824e-05,"train/epoch":0.4819277108433735,"_runtime":60.804825352,"_timestamp":1.7403584499068477e+09}