{"train/grad_norm":0.7715944922916412,"train/loss":0.1146,"train/global_step":55,"train_steps_per_second":0.048,"train/learning_rate":0,"total_flos":4.708066623488e+12,"train_samples_per_second":3.131,"_wandb":{"runtime":1543},"_runtime":1136.596743141,"_step":12,"train_loss":0.258669160712849,"_timestamp":1.740473641350526e+09,"train/epoch":4.943820224719101,"train_runtime":1136.978}