{"_wandb":{"runtime":850},"train/loss":0.094,"train/grad_norm":0.5329782899865556,"train/epoch":1.9310344827586206,"train/learning_rate":9.412754953531664e-07,"_runtime":378.828309075,"total_flos":8.52944748544e+12,"train_loss":0.09043311540569578,"train/global_step":14,"train_steps_per_second":0.037,"_step":3,"train_samples_per_second":4.873,"_timestamp":1.7425425477183309e+09,"train_runtime":379.2522}