{"train/learning_rate":9.513254770636138e-09,"train_samples_per_second":6.034,"train_runtime":778.9546,"_wandb":{"runtime":1188},"train/global_step":36,"_runtime":778.589592877,"total_flos":9.584838639616e+12,"train_loss":0.34911515563726425,"_timestamp":1.7425494075647547e+09,"_step":8,"train/grad_norm":0.5129984704437188,"train/epoch":1.9591836734693877,"train/loss":0.2093,"train_steps_per_second":0.046}