{"train/epoch":1.9676375404530746,"train/loss":0.0632,"train/global_step":38,"_wandb":{"runtime":545},"train_loss":0.07934350089022987,"train_samples_per_second":14.32,"train/learning_rate":7.649933515167407e-08,"_runtime":344.744102847,"train_steps_per_second":0.11,"train/grad_norm":0.5515751313484227,"total_flos":5.367241916416e+12,"train_runtime":345.1131,"_timestamp":1.7471659214613888e+09,"_step":8}