{"_runtime":3126.365405518,"train_samples_per_second":1.397,"train/global_step":30,"train_runtime":3135.0611,"train/learning_rate":0,"_step":7,"_timestamp":1.7412335824030626e+09,"train/loss":0.1349,"train_loss":0.2854084233442942,"total_flos":2.456711189401436e+17,"_wandb":{"runtime":3876},"train_steps_per_second":0.01,"train/epoch":4.872727272727273,"train/grad_norm":0.6697082521139333}