{"train/loss":0.1129,"train/grad_norm":1.040779506244801,"_step":4,"train_runtime":916.9611,"train_samples_per_second":2.11,"train_loss":0.36617497603098553,"train/learning_rate":0,"_timestamp":1.7410287273062127e+09,"_runtime":909.615156296,"train/global_step":15,"train_steps_per_second":0.016,"train/epoch":3.979591836734694,"_wandb":{"runtime":1660},"total_flos":9.933868835746611e+16}