{"_wandb":{"runtime":810},"train/epoch":1.8640776699029127,"_runtime":336.997373281,"train/global_step":12,"train/grad_norm":0.5793704867250915,"_step":3,"train_steps_per_second":0.036,"train_runtime":337.3732,"train_samples_per_second":4.885,"train_loss":0.1926853395998478,"train/loss":0.1944,"_timestamp":1.7443309638309517e+09,"train/learning_rate":3.3493649053890325e-07,"total_flos":8.586932912128e+12}