{"train/learning_rate":9.412754953531664e-07,"train/grad_norm":0.9022911053256932,"train_runtime":375.8083,"_runtime":375.465252402,"_timestamp":1.7425366927691884e+09,"train/epoch":1.9565217391304348,"train_loss":0.25800943800381254,"_wandb":{"runtime":865},"train_samples_per_second":4.864,"train/loss":0.2675,"train_steps_per_second":0.037,"_step":3,"total_flos":6.417017274368e+12,"train/global_step":14}