{"train/grad_norm":0.4585606017475608,"total_flos":4.7700333756416e+13,"_step":13,"train/learning_rate":4.8036798991923925e-08,"train/loss":0.1003,"_timestamp":1.744297991571004e+09,"train_samples_per_second":4.72,"train/global_step":64,"train_steps_per_second":0.036,"_runtime":1783.757182211,"train_runtime":1784.1406,"_wandb":{"runtime":2252},"train_loss":0.12496319646015763,"train/epoch":1.9658444022770398}