{"train_samples_per_second":5.071,"train/grad_norm":0.4980831470769827,"train_loss":0.1594351902604103,"train/loss":0.1719,"_timestamp":1.7443348180595765e+09,"_runtime":341.213607505,"_step":3,"train/learning_rate":3.3493649053890325e-07,"train/global_step":12,"train_runtime":341.5833,"train/epoch":1.8623853211009176,"_wandb":{"runtime":814},"train_steps_per_second":0.035,"total_flos":9.080264982528e+12}