{"train_runtime":962.8326,"_wandb":{"runtime":1397},"train/grad_norm":1.3360686820132186,"train_steps_per_second":0.047,"train/loss":0.2378,"train_samples_per_second":3.152,"_runtime":962.165034608,"train/epoch":4.7368421052631575,"train/learning_rate":0,"total_flos":3.07447128064e+12,"train/global_step":45,"train_loss":0.40956461164686414,"_step":10,"_timestamp":1.7406463032882292e+09}