{"_runtime":442.634036384,"_step":5,"train_loss":0.47979960441589353,"train/global_step":20,"train_samples_per_second":6.212,"train/learning_rate":0,"total_flos":4.644077535232e+12,"_timestamp":1.7445805757349992e+09,"train/grad_norm":0.765497485420823,"train_runtime":444.912,"train_steps_per_second":0.045,"train/loss":0.2987,"train/epoch":1.8901734104046244,"_wandb":{"runtime":854}}