{"train_loss":0.37522671818733216,"train/grad_norm":0.857460028099539,"train/epoch":4.5607476635514015,"train_steps_per_second":0.08,"total_flos":2.566539894784e+12,"_runtime":376.075977352,"train/global_step":30,"train_samples_per_second":5.645,"train_runtime":376.454,"_step":7,"_timestamp":1.7403831756838758e+09,"train/loss":0.1967,"train/learning_rate":0,"_wandb":{"runtime":579}}