{"train/loss":0.3593,"total_flos":1.41501136896e+12,"train_loss":0.6337725162506104,"train_steps_per_second":0.135,"train_samples_per_second":5.185,"train/grad_norm":0.9324477454242925,"train/learning_rate":0,"_wandb":{"runtime":301},"train/epoch":4.413793103448276,"_step":4,"_runtime":110.556269313,"train/global_step":15,"train_runtime":110.9017,"_timestamp":1.7403520778332255e+09}