{"train_samples_per_second":5.86,"train/epoch":1.7088607594936709,"train/loss":0.4527,"_wandb":{"runtime":706},"_step":2,"train_runtime":215.7071,"total_flos":2.720035373056e+12,"train/learning_rate":1.5432914190872757e-06,"train/global_step":8,"train_loss":0.38974541425704956,"_timestamp":1.7421147858826911e+09,"_runtime":215.335065094,"train/grad_norm":2.5467773243386724,"train_steps_per_second":0.037}