{"train/epoch":1.9631901840490797,"_timestamp":1.7446453656676714e+09,"_runtime":873.525932609,"_wandb":{"runtime":1269},"total_flos":1.0644998619136e+13,"_step":9,"train_steps_per_second":0.046,"train_loss":0.04968522824347019,"train_samples_per_second":5.966,"train/loss":0.0346,"train_runtime":873.9307,"train/global_step":40,"train/learning_rate":0,"train/grad_norm":0.35781267464785477}