{"train/epoch":1.9310344827586206,"_runtime":376.202855968,"train_loss":0.5290591887065342,"train/learning_rate":9.412754953531664e-07,"train/global_step":14,"train_samples_per_second":4.923,"_timestamp":1.7422553455361588e+09,"train_steps_per_second":0.037,"_wandb":{"runtime":857},"train/loss":0.4237,"_step":3,"total_flos":5.475947216896e+12,"train_runtime":376.612,"train/grad_norm":1.044076067401431}