{"train/epoch":1.9582753824756607,"_wandb":{"runtime":973},"_step":9,"train/loss":0.041,"train_loss":0.050945226357064465,"total_flos":6.797594492928e+12,"train/global_step":44,"train/learning_rate":1.0126756596375687e-07,"_runtime":781.118480707,"train_steps_per_second":0.056,"train_runtime":781.5063,"train/grad_norm":0.4855548501888576,"_timestamp":1.7440390459266973e+09,"train_samples_per_second":7.352}