{"train/grad_norm":1.2662217310220558,"train_runtime":265.2718,"train/epoch":1.8604651162790697,"_runtime":264.893784174,"train/loss":0.353,"train/global_step":10,"_step":3,"_timestamp":1.742111036669575e+09,"train/learning_rate":0,"_wandb":{"runtime":744},"train_loss":0.38463765680789946,"train_steps_per_second":0.038,"total_flos":2.685052780544e+12,"train_samples_per_second":5.187}