{"train/global_step":50,"_step":11,"_timestamp":1.7406483191179583e+09,"_runtime":1068.494127251,"train/loss":0.1175,"total_flos":3.402609524736e+12,"train/epoch":4.9079754601226995,"_wandb":{"runtime":1483},"train/grad_norm":1.412596844177546,"train_loss":0.28491151571273804,"train_samples_per_second":3.04,"train/learning_rate":0,"train_steps_per_second":0.047,"train_runtime":1069.0042}