{"train/loss":0.0764,"train_runtime":829.83,"train/global_step":38,"total_flos":1.0083862757376e+13,"train_loss":0.12123346603230427,"train_steps_per_second":0.046,"train/grad_norm":0.41384626841811545,"_timestamp":1.7446105958423808e+09,"_step":8,"_runtime":829.441485909,"_wandb":{"runtime":1226},"train/learning_rate":7.649933515167407e-08,"train/epoch":1.9337539432176656,"train_samples_per_second":6.112}