{"total_flos":4.53077794816e+12,"train_samples_per_second":4.903,"train/global_step":12,"_timestamp":1.7421865583882809e+09,"train_runtime":324.2659,"_wandb":{"runtime":815},"train_steps_per_second":0.037,"train/loss":0.4329,"train/epoch":1.92,"_step":3,"train/learning_rate":3.3493649053890325e-07,"train/grad_norm":1.0031050215833452,"_runtime":323.45712051,"train_loss":0.5724914322296778}