{"_step":7,"total_flos":1.7221981445711462e+17,"train/global_step":30,"_runtime":2480.620724329,"train/grad_norm":0.6168259654087858,"train/epoch":4.316831683168317,"train_samples_per_second":1.626,"train/learning_rate":0,"_timestamp":1.7410912858148367e+09,"train_steps_per_second":0.012,"train_runtime":2481.4752,"train/loss":0.1359,"train_loss":0.2438651422659556,"_wandb":{"runtime":3020}}