{"train/grad_norm":3.5227568987177125,"train_samples_per_second":2.203,"train_steps_per_second":0.015,"_wandb":{"runtime":1423},"_timestamp":1.7407410534264677e+09,"total_flos":4.581367311708979e+16,"train_runtime":687.6864,"train/global_step":10,"train/learning_rate":0,"_step":3,"train/loss":0.2718,"train_loss":0.507626187801361,"_runtime":687.19832527,"train/epoch":3.4210526315789473}