{"train_samples_per_second":4.843,"_runtime":1082.445938677,"_timestamp":1.7435873187404366e+09,"_step":9,"train/epoch":1.951219512195122,"_wandb":{"runtime":1552},"train/global_step":40,"train_runtime":1082.8258,"train/loss":0.0421,"train/grad_norm":0.3659322407792418,"total_flos":2.0225955069952e+13,"train_loss":0.06144317276775837,"train_steps_per_second":0.037,"train/learning_rate":0}