{"train_runtime":2558.1959,"train_loss":0.10756994234888177,"train/epoch":4.779874213836478,"train/global_step":95,"_wandb":{"runtime":3101},"train_samples_per_second":4.968,"_timestamp":1.7419276986395266e+09,"_step":20,"train/learning_rate":0,"_runtime":2557.790810906,"total_flos":5.0234349289472e+13,"train/loss":0.0272,"train_steps_per_second":0.037,"train/grad_norm":0.29564917307221505}