{"train_steps_per_second":0.114,"train/learning_rate":0,"train/epoch":4.871287128712871,"train_samples_per_second":7.634,"total_flos":2.642991456256e+12,"_timestamp":1.7404332168299007e+09,"train_loss":0.4288366913795471,"train/loss":0.2325,"_runtime":262.950363563,"train_runtime":263.3004,"train/grad_norm":0.931951062593459,"_step":7,"train/global_step":30,"_wandb":{"runtime":450}}