{"_step":12,"train_loss":0.24435375061902134,"_runtime":1447.326525341,"train/learning_rate":0,"train_runtime":1447.6875,"train/epoch":4.774193548387097,"train_steps_per_second":0.038,"train/loss":0.0763,"_timestamp":1.7404603969129686e+09,"_wandb":{"runtime":1940},"train/grad_norm":1.055752747108445,"train/global_step":55,"total_flos":7.101881122816e+12,"train_samples_per_second":2.57}