{"train_loss":0.24946941137313844,"train_runtime":264.7453,"train/learning_rate":0,"train_samples_per_second":5.281,"train/grad_norm":1.239143746836578,"train/global_step":10,"total_flos":2.759589658624e+12,"_wandb":{"runtime":752},"train/epoch":1.8181818181818183,"train/loss":0.2156,"_timestamp":1.7421121369402215e+09,"_step":3,"_runtime":264.364136473,"train_steps_per_second":0.038}