{"train/learning_rate":3.3493649053890325e-07,"train_loss":0.555876761674881,"train/epoch":1.8755760368663594,"train/grad_norm":0.9760807153034058,"train_samples_per_second":2.747,"total_flos":4.073184395264e+12,"train/loss":0.3855,"train/global_step":12,"_runtime":630.182235552,"_step":3,"_timestamp":1.7439798744905038e+09,"train_steps_per_second":0.019,"train_runtime":630.5484,"_wandb":{"runtime":1115}}