{"_step":3,"_runtime":322.05929972,"train_steps_per_second":0.037,"train/global_step":12,"_timestamp":1.742189061065221e+09,"_wandb":{"runtime":854},"train/learning_rate":3.3493649053890325e-07,"train/grad_norm":0.9455547433196085,"train/epoch":1.8073394495412844,"train/loss":0.1589,"train_samples_per_second":5.409,"total_flos":4.943773106176e+12,"train_runtime":322.4194,"train_loss":0.17011733104785284}