{"train/global_step":84,"train_samples_per_second":4.63,"total_flos":6.1446982598656e+13,"train/grad_norm":0.487706015846129,"_wandb":{"runtime":2795},"train/epoch":1.9663742690058479,"_runtime":2361.36465991,"train_runtime":2361.7545,"train_loss":0.1188442614816484,"train/loss":0.0978,"train/learning_rate":2.7922934437178695e-08,"_step":17,"_timestamp":1.7436713770654001e+09,"train_steps_per_second":0.036}