{"train_samples_per_second":4.867,"train/loss":0.1027,"total_flos":1.1763348144128e+13,"train_runtime":744.1257,"_wandb":{"runtime":1215},"train/epoch":1.973568281938326,"train_steps_per_second":0.038,"train/global_step":28,"train_loss":0.14379636943340302,"train/learning_rate":1.4029167422908107e-07,"_timestamp":1.7444250758765714e+09,"_step":6,"train/grad_norm":0.7695841574727331,"_runtime":743.745596811}