{"train/loss":0.1438,"train/learning_rate":9.412754953531664e-07,"train/grad_norm":0.6089553439282949,"train/epoch":2,"train_steps_per_second":0.037,"train/global_step":14,"_step":3,"_runtime":380.947191769,"train_runtime":381.2879,"train_loss":0.15230697180543626,"_timestamp":1.742539825975061e+09,"_wandb":{"runtime":857},"train_samples_per_second":4.679,"total_flos":8.556536856576e+12}