{"total_flos":1.2410365902848e+13,"train/learning_rate":0,"train_steps_per_second":0.019,"_timestamp":1.7417102196790876e+09,"train/grad_norm":0.6127756183355629,"train/loss":0.091,"_wandb":{"runtime":1675},"train_loss":0.2466258188088735,"train/epoch":4.63768115942029,"train/global_step":30,"_step":7,"train_samples_per_second":2.612,"train_runtime":1580.9572,"_runtime":1580.309061556}