{"train_loss":0.08495234112654414,"train/epoch":1.9310344827586206,"train/global_step":28,"_wandb":{"runtime":1227},"train/grad_norm":0.5196399955989965,"train_steps_per_second":0.037,"_runtime":754.770426108,"train/learning_rate":1.4029167422908107e-07,"total_flos":1.2029587652608e+13,"_step":6,"_timestamp":1.7444317731004004e+09,"train_runtime":755.145,"train_samples_per_second":4.916,"train/loss":0.0613}