{"train/epoch":1.7849462365591398,"_runtime":285.40055834,"train/learning_rate":0,"train/loss":0.2515,"train/global_step":10,"train_loss":0.4377374291419983,"train_samples_per_second":5.159,"train_steps_per_second":0.035,"_timestamp":1.7443275003707259e+09,"total_flos":6.660441571328e+12,"train/grad_norm":0.8166195891586078,"_wandb":{"runtime":765},"_step":3,"train_runtime":288.0559}