{"_step":2,"train_loss":0.9331927398840586,"train/loss":0.9358,"_timestamp":1.7403508032190566e+09,"train/learning_rate":1.9098300562505266e-06,"train_steps_per_second":0.065,"total_flos":1.1296309248e+12,"train/epoch":2.1818181818181817,"train_samples_per_second":5.69,"train/grad_norm":3.1925817922541753,"train/global_step":6,"_wandb":{"runtime":234},"train_runtime":92.2624,"_runtime":91.928361198}