{"train_steps_per_second":0.019,"train_runtime":987.8773,"total_flos":8.390676283392e+12,"_timestamp":1.741706363800289e+09,"_runtime":987.490900493,"train/global_step":19,"train/learning_rate":5.271487265090163e-07,"train/grad_norm":0.717267098646618,"_step":4,"_wandb":{"runtime":1076},"train/epoch":0.9712460063897763,"train_loss":0.3438462301304466,"train_samples_per_second":2.534,"train/loss":0.2214}