{"_timestamp":1.7424677541983678e+09,"train/epoch":0.9679715302491103,"_step":4,"_wandb":{"runtime":970},"train_runtime":461.5878,"train/global_step":17,"train_loss":0.4182293029392467,"train_steps_per_second":0.037,"train/grad_norm":0.8038269268902802,"train/loss":0.2657,"_runtime":461.198140403,"train_samples_per_second":4.868,"train/learning_rate":1.6881942648911077e-07,"total_flos":7.915773231104e+12}