{"train_steps_per_second":0.085,"train_samples_per_second":5.48,"total_flos":2.04872900608e+12,"train/grad_norm":1.3901489654597776,"train_runtime":471.7133,"_step":9,"train/epoch":4.923076923076923,"train/learning_rate":0,"train/loss":0.2177,"_runtime":471.354096186,"train/global_step":40,"train_loss":0.41547563672065735,"_wandb":{"runtime":676},"_timestamp":1.7403607259280431e+09}