{"train_loss":0.13781326583453588,"train/learning_rate":2.7922934437178695e-08,"train/epoch":1.9793814432989691,"_wandb":{"runtime":950},"train_samples_per_second":7.282,"train/global_step":42,"_runtime":744.779780766,"total_flos":6.64245018624e+12,"train/loss":0.0894,"train_steps_per_second":0.056,"_step":9,"train/grad_norm":0.5978426844172203,"train_runtime":745.1233,"_timestamp":1.7440256325662374e+09}