{"train/grad_norm":0.523899562744544,"_timestamp":1.7440287457218792e+09,"train/epoch":1.9591836734693877,"train/learning_rate":2.7922934437178695e-08,"train_samples_per_second":7.418,"train/loss":0.0546,"_wandb":{"runtime":933},"train/global_step":42,"_runtime":738.890134071,"total_flos":6.602798972928e+12,"_step":9,"train_steps_per_second":0.057,"train_loss":0.06953894577565647,"train_runtime":739.2603}