{"train/loss":0.2731,"train/learning_rate":3.3493649053890325e-07,"_step":3,"train/global_step":12,"train_samples_per_second":5.228,"train_loss":0.27880529562632245,"train_steps_per_second":0.037,"train/grad_norm":1.046717450206375,"_wandb":{"runtime":819},"train/epoch":1.8666666666666667,"_timestamp":1.7421877984993062e+09,"_runtime":319.80938295,"train_runtime":320.1976,"total_flos":4.849582473216e+12}