{"_timestamp":1.743577599747276e+09,"train/epoch":1.9047619047619047,"train_runtime":810.7398,"total_flos":1.4519688495104e+13,"train/learning_rate":0,"train/loss":0.077,"train/grad_norm":0.6251537635343388,"train_steps_per_second":0.037,"_runtime":810.361731604,"_wandb":{"runtime":1295},"train_samples_per_second":4.971,"_step":7,"train_loss":0.11657298554976782,"train/global_step":30}