{"train/global_step":3,"train_samples_per_second":3.791,"_timestamp":1.740358196103249e+09,"total_flos":1.11774007296e+12,"train_runtime":68.8499,"train/loss":1.0345,"train/epoch":2.1818181818181817,"train/learning_rate":2e-05,"_wandb":{"runtime":134},"train_steps_per_second":0.044,"_step":1,"train/grad_norm":17.681307713640532,"_runtime":68.528518164,"train_loss":1.3533840974171956}