{"_timestamp":1.7471928506829197e+09,"train_samples_per_second":13.912,"train/grad_norm":0.7308745018319309,"train_runtime":277.3183,"train/loss":0.2654,"_wandb":{"runtime":495},"train/epoch":1.9834710743801653,"_step":7,"train_steps_per_second":0.108,"total_flos":5.002408247296e+12,"train/learning_rate":0,"train/global_step":30,"train_loss":0.42599947452545167,"_runtime":276.744709932}