{"_timestamp":1.744485987140456e+09,"train/learning_rate":1.822781475486507e-08,"train/epoch":1.9282511210762332,"_runtime":708.518494182,"train/loss":0.0854,"train_samples_per_second":5.012,"train_runtime":709.1333,"train_loss":0.13085228090102857,"train/global_step":26,"train_steps_per_second":0.037,"total_flos":1.435822178304e+13,"_wandb":{"runtime":1192},"_step":6,"train/grad_norm":0.5727828729249664}