{"train_samples_per_second":4.849,"train/global_step":42,"_runtime":1125.726466377,"train/grad_norm":0.4475660924300277,"train/learning_rate":2.7922934437178695e-08,"train_runtime":1126.1003,"train/loss":0.0486,"total_flos":1.7822413357056e+13,"_wandb":{"runtime":1628},"_step":9,"_timestamp":1.742189218569858e+09,"train/epoch":1.9649122807017543,"train_steps_per_second":0.037,"train_loss":0.06524722703865596}