{"train/learning_rate":0,"_step":7,"train_steps_per_second":0.046,"_wandb":{"runtime":1070},"train_loss":0.28329702814420066,"train_runtime":654.1509,"total_flos":4.19908993024e+12,"train/epoch":4.60377358490566,"train/grad_norm":0.6162448672162039,"_runtime":652.441312696,"train/global_step":30,"_timestamp":1.7406401963568974e+09,"train_samples_per_second":3.241,"train/loss":0.1789}