{"_step":3,"_timestamp":1.741330420026906e+09,"train_runtime":632.028,"train/global_step":12,"train_steps_per_second":0.019,"total_flos":6.522473873408e+12,"_wandb":{"runtime":1102},"train_samples_per_second":2.747,"train/grad_norm":0.728505543707262,"train/learning_rate":3.3493649053890325e-07,"train/loss":0.2494,"_runtime":631.684366752,"train_loss":0.4004462982217471,"train/epoch":1.8663594470046083}