{"train_loss":0.2660907606283824,"train/epoch":1.7657657657657657,"train/learning_rate":3.3493649053890325e-07,"train/loss":0.2494,"train_steps_per_second":0.019,"train/grad_norm":1.0145727617871083,"train_samples_per_second":2.782,"train_runtime":636.8957,"_timestamp":1.743993458044939e+09,"_wandb":{"runtime":1134},"total_flos":4.103082901504e+12,"_step":3,"_runtime":636.50015077,"train/global_step":12}