{"train/grad_norm":0.8233982784613924,"_step":7,"train/learning_rate":4.8036798991923925e-08,"_wandb":{"runtime":513},"train/epoch":2,"total_flos":4.297727213568e+12,"train_steps_per_second":0.11,"train_runtime":290.829,"_timestamp":1.7471637272706928e+09,"train/global_step":32,"train_samples_per_second":14.043,"_runtime":289.808591475,"train_loss":0.42257547937333584,"train/loss":0.2635}