{"train/loss":1.4056,"train/learning_rate":4.992293334332821e-06,"_runtime":46.664980344,"_timestamp":1.7404125426750493e+09,"train/grad_norm":28.775300461806083,"_wandb":{"runtime":53},"train/epoch":0.11188811188811189,"train/global_step":1,"_step":0}