{"train_runtime":267.7921,"total_flos":2.732907675648e+12,"train_steps_per_second":0.037,"train/epoch":1.8604651162790697,"_timestamp":1.7421099336186354e+09,"_wandb":{"runtime":761},"train/grad_norm":1.2729159497985383,"_step":3,"train_loss":0.7150250911712647,"train/loss":0.4916,"train_samples_per_second":5.101,"train/global_step":10,"train/learning_rate":0,"_runtime":267.404273641}