{"_timestamp":1.7412920827106109e+09,"train/loss":0.2177,"train_samples_per_second":2.339,"train/grad_norm":0.4312331296968297,"total_flos":5.762512362825318e+16,"train/learning_rate":3.3493649053890325e-07,"train_runtime":744.6899,"_runtime":744.309042144,"train/epoch":1.8807339449541285,"train/global_step":12,"train_steps_per_second":0.016,"_wandb":{"runtime":1285},"_step":3,"train_loss":0.20207941035429636}