{"_step":3,"_wandb":{"runtime":809},"_timestamp":1.7421179795614076e+09,"_runtime":322.98970373,"train/epoch":1.810810810810811,"train/grad_norm":1.2543049670932658,"train_steps_per_second":0.037,"train/loss":0.4847,"total_flos":4.259232350208e+12,"train_loss":0.6149429033199946,"train_samples_per_second":5.48,"train/learning_rate":3.3493649053890325e-07,"train/global_step":12,"train_runtime":323.3493}