{"total_flos":3.4942023467008e+13,"_wandb":{"runtime":2357},"_runtime":1952.67636363,"train_samples_per_second":6.397,"train_runtime":1954.1453,"train/learning_rate":0,"_step":20,"train/epoch":4.920127795527156,"train_steps_per_second":0.049,"_timestamp":1.7447060466656654e+09,"train_loss":0.21344757519270244,"train/global_step":95,"train/loss":0.1454,"train/grad_norm":0.38844232981434007}