{"train/global_step":21,"train_loss":0.1024559633362861,"_timestamp":1.742478780427062e+09,"train_samples_per_second":4.821,"train/learning_rate":2.7922934437178695e-08,"total_flos":1.0625051656192e+13,"_wandb":{"runtime":1070},"train/grad_norm":0.6380599379489208,"_runtime":568.183541571,"train_steps_per_second":0.037,"train/loss":0.0918,"train_runtime":568.5724,"train/epoch":0.9795918367346939,"_step":5}