{"_timestamp":1.7440537207857053e+09,"_wandb":{"runtime":993},"train/grad_norm":0.48608442248802464,"train_runtime":777.4838,"train_loss":0.038296118039976464,"total_flos":6.588436119552e+12,"train_samples_per_second":7.486,"_runtime":777.142730499,"_step":9,"train_steps_per_second":0.057,"train/loss":0.0305,"train/epoch":1.934065934065934,"train/learning_rate":1.0126756596375687e-07,"train/global_step":44}