{"train_runtime":534.1321,"train_samples_per_second":5.476,"train/epoch":4.378378378378378,"_timestamp":1.742092764849481e+09,"train/loss":0.2786,"_wandb":{"runtime":1057},"train_loss":0.496728789806366,"_step":5,"train_steps_per_second":0.037,"total_flos":5.730157985792e+12,"_runtime":533.750249156,"train/global_step":20,"train/grad_norm":1.081029064824308,"train/learning_rate":0}