{"train_steps_per_second":0.037,"train/global_step":40,"train/epoch":1.930722891566265,"_runtime":1079.8984117,"_timestamp":1.7425609528726678e+09,"train_loss":0.22336202040314673,"train/learning_rate":0,"train/loss":0.0943,"train_runtime":1080.2807,"train/grad_norm":0.7379689382320926,"total_flos":2.009919520768e+13,"train_samples_per_second":4.908,"_wandb":{"runtime":1567},"_step":9}