{"_timestamp":1.742183420236884e+09,"train/global_step":40,"train_loss":0.10801986083388329,"train/grad_norm":0.709123331758498,"total_flos":1.6685933559808e+13,"_step":9,"_runtime":1074.73359295,"train_steps_per_second":0.037,"train/epoch":1.9343283582089552,"train/learning_rate":0,"train_runtime":1075.1147,"train/loss":0.0711,"_wandb":{"runtime":1589},"train_samples_per_second":4.984}