{"_wandb":{"runtime":1645},"_step":9,"train/epoch":1.9940652818991098,"_timestamp":1.7425681037199557e+09,"train/loss":0.0846,"_runtime":1121.897475512,"train/grad_norm":0.7552098539348788,"train/learning_rate":2.7922934437178695e-08,"train_samples_per_second":4.797,"total_flos":2.1299352731648e+13,"train_loss":0.21069374254771642,"train_steps_per_second":0.037,"train/global_step":42,"train_runtime":1122.2533}