{"train/epoch":2,"total_flos":6.522149484573491e+16,"_timestamp":1.7412693110336835e+09,"train_loss":0.39445747647966656,"train_runtime":840.1696,"train/grad_norm":2.625014546330567,"train/global_step":14,"_runtime":839.704367396,"train/learning_rate":9.412754953531664e-07,"train_steps_per_second":0.017,"_wandb":{"runtime":1337},"train_samples_per_second":2.126,"train/loss":0.2562,"_step":3}