{"total_flos":1.085208543232e+13,"train/global_step":24,"_wandb":{"runtime":1129},"train_steps_per_second":0.037,"_runtime":647.907647252,"train/epoch":1.9033816425120773,"train_runtime":650.5789,"train_samples_per_second":5.082,"train_loss":0.35493100186189014,"_step":5,"train/loss":0.2081,"train/grad_norm":0.8359173501194177,"_timestamp":1.7435743920131223e+09,"train/learning_rate":3.3493649053890325e-07}