{"total_flos":2.883049906176e+13,"train/loss":0.0106,"_timestamp":1.7446894940339282e+09,"train/learning_rate":0,"train_samples_per_second":6.379,"_step":22,"train/grad_norm":0.13355121966658934,"_wandb":{"runtime":2621},"train/global_step":105,"train_loss":0.018196561542295275,"train_steps_per_second":0.048,"train_runtime":2175.8375,"train/epoch":4.876080691642652,"_runtime":2175.432200298}