{"train/epoch":4.93968253968254,"_runtime":2526.070231857,"train/global_step":95,"train/grad_norm":0.43667163039891715,"train_loss":0.14516751609350506,"_wandb":{"runtime":2617},"train_runtime":2526.6964,"train_steps_per_second":0.038,"total_flos":3.8014949097472e+13,"train/learning_rate":0,"_timestamp":1.7421368167342324e+09,"_step":20,"train_samples_per_second":4.975,"train/loss":0.0429}