{"train/epoch":1.9649122807017543,"_timestamp":1.7471553771814647e+09,"train_steps_per_second":0.104,"_wandb":{"runtime":340},"train_runtime":134.5061,"_step":3,"train/grad_norm":1.2596350110066332,"train/learning_rate":9.412754953531664e-07,"train_samples_per_second":13.457,"_runtime":133.103208526,"train_loss":0.5994448917252677,"total_flos":2.323810910208e+12,"train/loss":0.4447,"train/global_step":14}