{"train_steps_per_second":0.036,"train_runtime":1601.5846,"train/epoch":1.9578059071729959,"train/global_step":58,"train_samples_per_second":4.733,"total_flos":3.9837967908864e+13,"_runtime":1601.214317051,"_timestamp":1.744284505371054e+09,"train/grad_norm":0.5574079171635152,"train/loss":0.1682,"_wandb":{"runtime":2062},"train_loss":0.22023110297219506,"_step":12,"train/learning_rate":3.293369364618465e-08}