{"_wandb":{"runtime":428},"train_loss":0.275639751127788,"train_samples_per_second":9.361,"train_runtime":212.5816,"train_steps_per_second":0.066,"train/epoch":1.8719999999999999,"train/loss":0.2957,"train/global_step":14,"train/grad_norm":0.9685981823871749,"_step":3,"_timestamp":1.7471413693889637e+09,"_runtime":212.156668975,"total_flos":2.478154022912e+12,"train/learning_rate":9.412754953531664e-07}