{"train_samples_per_second":4.851,"train/learning_rate":9.412754953531664e-07,"train/epoch":1.9649122807017543,"total_flos":5.08291842048e+12,"train/grad_norm":1.1188117976527083,"_step":3,"_runtime":374.799230447,"train_runtime":375.1752,"train_loss":0.3367121049336025,"_timestamp":1.742119891309749e+09,"train/global_step":14,"_wandb":{"runtime":867},"train/loss":0.3605,"train_steps_per_second":0.037}