{"train_steps_per_second":0.037,"total_flos":1.5848001896448e+13,"train/learning_rate":1.6881942648911077e-07,"_runtime":914.310431175,"train/grad_norm":0.8312314521206821,"train_runtime":915.0789,"train/epoch":1.9430604982206405,"_step":7,"train/global_step":34,"train_samples_per_second":4.911,"train_loss":0.28672729169621186,"_timestamp":1.742554006224667e+09,"_wandb":{"runtime":1395},"train/loss":0.1486}