{"train/grad_norm":0.677358983344178,"train_steps_per_second":0.019,"train_runtime":1571.8978,"train/learning_rate":0,"train_samples_per_second":2.624,"_wandb":{"runtime":2051},"_runtime":1571.31499678,"train/loss":0.1459,"train/epoch":4.63768115942029,"_step":7,"_timestamp":1.7413374564566605e+09,"train_loss":0.2860109051068624,"train/global_step":30,"total_flos":1.4720048234496e+13}