{"train/loss":0.2659,"train_samples_per_second":7.259,"train/epoch":1.9875776397515528,"train_steps_per_second":0.056,"_step":7,"train/global_step":30,"train/learning_rate":0,"total_flos":4.47836741632e+12,"_wandb":{"runtime":730},"train_loss":0.4246541500091553,"_runtime":530.650092114,"train/grad_norm":0.73432935533466,"train_runtime":531.4452,"_timestamp":1.7440224991503222e+09}