{"train/grad_norm":0.645128214703178,"train/loss":0.0865,"_wandb":{"runtime":851},"train_samples_per_second":4.918,"train/epoch":1.9310344827586206,"train_loss":0.0779783624623503,"_timestamp":1.7443706150269246e+09,"train_steps_per_second":0.037,"train/global_step":14,"total_flos":5.33712912384e+12,"train/learning_rate":9.412754953531664e-07,"train_runtime":376.5944,"_step":3,"_runtime":375.790940039}