{"train/global_step":20,"train_steps_per_second":0.037,"train/loss":0.2109,"_runtime":536.045428046,"train/grad_norm":0.7254643006745026,"train/learning_rate":0,"train/epoch":1.8604651162790697,"train_runtime":536.4534,"_timestamp":1.7444386816958542e+09,"_wandb":{"runtime":1001},"_step":5,"total_flos":9.646782283776e+12,"train_samples_per_second":5.119,"train_loss":0.3615094065666199}