{"_runtime":773.871748229,"train_runtime":774.2127,"train/global_step":44,"train_steps_per_second":0.057,"train/loss":0.0344,"_step":9,"train/grad_norm":0.4785550432447307,"total_flos":6.689432993792e+12,"train_loss":0.043016269972378555,"train_samples_per_second":7.486,"train/learning_rate":1.0126756596375687e-07,"_timestamp":1.7440464915843816e+09,"_wandb":{"runtime":974},"train/epoch":1.946206896551724}