{"_step":4,"train_steps_per_second":0.016,"train/epoch":3.979591836734694,"_runtime":921.554990364,"total_flos":1.0238591074566144e+17,"train_samples_per_second":2.119,"train/grad_norm":0.9565937903898575,"_wandb":{"runtime":1645},"train/loss":0.1277,"_timestamp":1.741013506374571e+09,"train/global_step":15,"train_runtime":922.4405,"train_loss":0.37589418490727744,"train/learning_rate":0}