{"train_samples_per_second":8.481,"train/loss":0.4438,"train/epoch":1.9649122807017543,"train/global_step":14,"total_flos":2.349468090368e+12,"_wandb":{"runtime":434},"train/learning_rate":9.412754953531664e-07,"train_steps_per_second":0.065,"train_runtime":214.3634,"_runtime":212.544888008,"train/grad_norm":1.2881838097347336,"train_loss":0.5986533079828534,"_step":3,"_timestamp":1.7471369468934193e+09}