{"_timestamp":1.742132339711086e+09,"_step":3,"train_runtime":378.3796,"total_flos":6.619898445824e+12,"train/epoch":1.9230769230769231,"train/grad_norm":0.7292703922805356,"train_samples_per_second":4.926,"train/loss":0.1318,"train_steps_per_second":0.037,"train_loss":0.12767290430409567,"_wandb":{"runtime":854},"train/global_step":14,"train/learning_rate":9.412754953531664e-07,"_runtime":377.991419045}