{"train_runtime":2341.8282,"train/grad_norm":0.4988340815936622,"total_flos":2.6668350308352e+13,"train/epoch":1.9639889196675901,"_wandb":{"runtime":2819},"train_steps_per_second":0.019,"train_samples_per_second":2.466,"train_loss":0.09826283106072382,"_timestamp":1.7440952205347877e+09,"train/global_step":44,"train/learning_rate":1.0126756596375687e-07,"_runtime":2339.787038395,"train/loss":0.0681,"_step":9}