{"_step":8,"train_steps_per_second":0.046,"train/grad_norm":0.6528096198236257,"train/epoch":4.95575221238938,"train/loss":0.1191,"train/global_step":35,"train/learning_rate":0,"train_samples_per_second":2.954,"_timestamp":1.7406424214580712e+09,"total_flos":4.882723848192e+12,"train_runtime":763.261,"_wandb":{"runtime":1161},"_runtime":762.792709032,"train_loss":0.2307097979954311}