{"train_runtime":1896.4902,"_step":8,"total_flos":1.4990145982195302e+17,"train/grad_norm":0.3944229879903239,"_timestamp":1.7411376405408962e+09,"train/loss":0.1699,"train/learning_rate":0,"train/epoch":4.421052631578947,"_runtime":1896.084539182,"train_loss":0.2676696811403547,"train/global_step":35,"train_samples_per_second":2.399,"_wandb":{"runtime":2579},"train_steps_per_second":0.018}