{"train/learning_rate":9.412754953531664e-07,"_wandb":{"runtime":849},"train/epoch":1.9145299145299144,"train_steps_per_second":0.037,"train/grad_norm":0.5779343122485333,"_timestamp":1.744372825574728e+09,"_runtime":377.347270128,"train_samples_per_second":4.95,"_step":3,"train_loss":0.06922702491283417,"train_runtime":377.7404,"train/loss":0.0765,"total_flos":5.466941718528e+12,"train/global_step":14}