{"_step":8,"train/grad_norm":0.81001151899033,"train/global_step":36,"train_samples_per_second":9.796,"train/epoch":5.76,"train_steps_per_second":0.074,"total_flos":4.831898206208e+12,"_timestamp":1.747095792055547e+09,"train/loss":0.285,"train/learning_rate":9.513254770636138e-09,"_runtime":487.171724153,"train_loss":0.43958239298727775,"_wandb":{"runtime":696},"train_runtime":487.532}