{"_timestamp":1.7460472866207175e+09,"_step":3,"train_runtime":200.6389,"train/epoch":1.8983050847457628,"train/loss":0.2864,"train_loss":0.27086603002888815,"train/grad_norm":1.1709023174321815,"train/learning_rate":9.412754953531664e-07,"total_flos":2.158143127552e+12,"train/global_step":14,"train_samples_per_second":9.35,"_runtime":200.235665756,"train_steps_per_second":0.07,"_wandb":{"runtime":440}}