{"train_runtime":857.6306,"train/grad_norm":0.49514513312521136,"train/epoch":1.9037037037037037,"train/global_step":32,"_runtime":857.191239237,"train/learning_rate":4.8036798991923925e-08,"train/loss":0.0536,"_timestamp":1.742184295224416e+09,"_step":7,"train_steps_per_second":0.037,"_wandb":{"runtime":1391},"total_flos":1.3145977454592e+13,"train_samples_per_second":5.028,"train_loss":0.07563886535353959}