{"train_samples_per_second":5.846,"train/global_step":36,"train_loss":0.3879436171717114,"_step":8,"_wandb":{"runtime":1216},"_timestamp":1.7445973963715127e+09,"train_runtime":788.9365,"total_flos":8.725278130176e+12,"_runtime":788.466403128,"train/epoch":1.9930795847750864,"train/loss":0.2587,"train_steps_per_second":0.046,"train/learning_rate":9.513254770636138e-09,"train/grad_norm":0.6410639284613692}