{"train/global_step":1,"train/grad_norm":16.36452525403071,"train/loss":1.0881,"train/epoch":0.3333333333333333,"_wandb":{"runtime":17},"_runtime":14.542712169,"_timestamp":1.7403071900652676e+09,"train/learning_rate":2e-05,"_step":0}