{"_timestamp":1.7420906886678927e+09,"_step":6,"train_loss":0.46164938926696775,"train_runtime":662.1935,"total_flos":6.84667133952e+12,"train_steps_per_second":0.038,"train/loss":0.2411,"train/grad_norm":1.2380840823438446,"train_samples_per_second":5.104,"_runtime":661.798374973,"train/global_step":25,"train/learning_rate":0,"train/epoch":4.752941176470588,"_wandb":{"runtime":1200}}