{"train_steps_per_second":0.038,"total_flos":9.991556366336e+12,"train/learning_rate":0,"train_samples_per_second":4.908,"_step":8,"train/global_step":35,"train/grad_norm":1.116242620228998,"_wandb":{"runtime":1453},"_timestamp":1.7420811445757656e+09,"_runtime":929.801489629,"train_loss":0.38158187185014997,"train/loss":0.1407,"train/epoch":4.939130434782609,"train_runtime":930.1893}