{"train/epoch":4.832214765100671,"total_flos":3.5290894237696e+13,"_timestamp":1.742158807219163e+09,"train/learning_rate":0,"_step":19,"train/global_step":90,"train_runtime":2404.3299,"train/grad_norm":0.49735807698511547,"_runtime":2403.916098543,"train_loss":0.1600529380970531,"train_steps_per_second":0.037,"train_samples_per_second":4.958,"_wandb":{"runtime":2495},"train/loss":0.0466}