{"_runtime":467.883380035,"train/loss":0.1972,"train_loss":0.39388707280158997,"train_samples_per_second":5.542,"_step":9,"train/learning_rate":0,"_timestamp":1.7403619755312378e+09,"train/epoch":4.923076923076923,"train_steps_per_second":0.085,"train/grad_norm":1.421515429637113,"total_flos":2.084092399616e+12,"_wandb":{"runtime":670},"train/global_step":40,"train_runtime":468.2599}