{"_step":7,"train/global_step":30,"_timestamp":1.7411007165009131e+09,"train/loss":0.0777,"total_flos":2.111947399978025e+17,"_wandb":{"runtime":3549},"train_loss":0.21743224561214447,"train/epoch":4.872727272727273,"train/grad_norm":0.5676296835301833,"train_steps_per_second":0.01,"train_samples_per_second":1.456,"_runtime":3010.990747427,"train_runtime":3011.3933,"train/learning_rate":0}