{"train/grad_norm":3.2513027285278406,"_wandb":{"runtime":405},"_runtime":87.961968943,"_step":2,"_timestamp":1.7403510950190823e+09,"train/global_step":6,"train_loss":0.9336233139038086,"train_runtime":88.2809,"total_flos":1.1296309248e+12,"train_samples_per_second":5.947,"train/loss":0.936,"train_steps_per_second":0.068,"train/learning_rate":1.9098300562505266e-06,"train/epoch":2.1818181818181817}