{"train/global_step":58,"train_loss":0.2271980263035873,"total_flos":3.2140137005056e+13,"train_steps_per_second":0.019,"train_samples_per_second":2.431,"train/epoch":0.990923651895355,"train/loss":0.1754,"_timestamp":1.7437151134415834e+09,"_runtime":3080.967359156,"_wandb":{"runtime":3538},"train_runtime":3081.3873,"train/learning_rate":3.293369364618465e-08,"_step":12,"train/grad_norm":0.5226966611571927}