{"_runtime":632.950212292,"train/learning_rate":3.3493649053890325e-07,"train_runtime":633.3186,"_wandb":{"runtime":639},"train/grad_norm":1.028867705213422,"_timestamp":1.743983843974379e+09,"train_loss":0.2657524074117343,"train/loss":0.2489,"total_flos":4.103082901504e+12,"train/epoch":1.7657657657657657,"train/global_step":12,"train_samples_per_second":2.798,"_step":3,"train_steps_per_second":0.019}