{"train/global_step":30,"train_steps_per_second":0.038,"train_runtime":796.7256,"train_loss":0.3753006438414256,"train/grad_norm":1.0974047085722065,"_step":7,"_runtime":796.313988639,"train/loss":0.1516,"train/learning_rate":0,"_timestamp":1.7419300455058708e+09,"_wandb":{"runtime":1298},"train/epoch":4.8979591836734695,"total_flos":8.698480099328e+12,"train_samples_per_second":4.914}