{"_step":8,"train/loss":0.1,"train_samples_per_second":14.337,"train/learning_rate":9.513254770636138e-09,"_runtime":325.72450294,"total_flos":5.003424251904e+12,"train/grad_norm":0.6438236014202028,"train/epoch":1.9761092150170647,"train_loss":0.14910801334513557,"train/global_step":36,"_timestamp":1.7471648189802144e+09,"train_runtime":326.1378,"_wandb":{"runtime":532},"train_steps_per_second":0.11}