{"_wandb":{"runtime":1324},"_runtime":911.178519213,"train_steps_per_second":0.046,"_timestamp":1.7425533668366346e+09,"train_samples_per_second":5.902,"train_loss":0.29397213742846534,"train/grad_norm":0.46753226032236006,"train/learning_rate":2.7922934437178695e-08,"train/global_step":42,"total_flos":1.1340314345472e+13,"train/epoch":1.9940652818991098,"train/loss":0.17,"_step":9,"train_runtime":911.5889}