{"train/epoch":4.776119402985074,"train_steps_per_second":0.085,"total_flos":2.067253338112e+12,"_runtime":470.138092862,"train/loss":0.2216,"train/learning_rate":0,"train_samples_per_second":5.675,"train_runtime":470.5176,"_step":9,"_timestamp":1.7403712640502672e+09,"_wandb":{"runtime":676},"train_loss":0.4079172104597092,"train/global_step":40,"train/grad_norm":1.3702634933479625}