{"train/grad_norm":1.9223930597711187,"train/learning_rate":1.5432914190872757e-06,"train_samples_per_second":9.052,"total_flos":1.150547329024e+12,"_timestamp":1.746037979384275e+09,"_wandb":{"runtime":344},"_step":2,"_runtime":112.317225761,"train/loss":0.3825,"train_loss":0.3809743672609329,"train_steps_per_second":0.071,"train/epoch":2,"train/global_step":8,"train_runtime":112.6883}