{"_step":3,"train_steps_per_second":0.07,"_wandb":{"runtime":406},"train_runtime":171.1803,"train/loss":0.4664,"train_samples_per_second":8.926,"_runtime":168.777732695,"_timestamp":1.7459778616133008e+09,"train/global_step":12,"train_loss":0.729420930147171,"train/grad_norm":1.4198601819136463,"train/epoch":2,"total_flos":1.699245113344e+12,"train/learning_rate":3.3493649053890325e-07}