{"train/loss":1.2056,"_timestamp":1.740355893012705e+09,"_wandb":{"runtime":73},"_runtime":16.718844452,"train/learning_rate":4.522542485937369e-06,"_step":0,"train/grad_norm":18.953490105453735,"train/epoch":0.5517241379310345,"train/global_step":1}